{
  "thoi_gian_ket_thuc": 1750961517.969839,
  "so_lan_canh_bao": 1,
  "tong_frame_buon_ngu": 0,
  "ty_le_fusion_scores": [
    0.055654440525328454,
    0.04583801007476648,
    0.06141359812038826,
    0.032288996064470374,
    0.050898338847978196,
    0.05074906600061027,
    0.11737054484431331,
    0.12736888885399358,
    0.1341960867994979,
    0.14021822097824593
  ],
  "yolo_results": [
    "alert",
    "alert",
    "alert",
    "alert",
    "alert"
  ]
}